{"data": [
    {
    "field1": "0",
    "STATE_NAME": "ANDHRA PRADESH",
    "CRIME (2014)": "114604",
    "CRIME (2015)": "110693",
    "CRIME (2016)": "106774",
    "CRIME PER SHARE (STATE)": "3.6",
    "CRIME RATE": "206.4"
    },
    {
    "field1": "1",
    "STATE_NAME": "ARUNACHAL PRADESH",
    "CRIME (2014)": "2843",
    "CRIME (2015)": "2968",
    "CRIME (2016)": "2534",
    "CRIME PER SHARE (STATE)": "0.1",
    "CRIME RATE": "192.3"
    },
    {
    "field1": "2",
    "STATE_NAME": "ASSAM",
    "CRIME (2014)": "94337",
    "CRIME (2015)": "103616",
    "CRIME (2016)": "102250",
    "CRIME PER SHARE (STATE)": "3.4",
    "CRIME RATE": "313.9"
    },
    {
    "field1": "3",
    "STATE_NAME": "BIHAR",
    "CRIME (2014)": "177595",
    "CRIME (2015)": "176973",
    "CRIME (2016)": "164163",
    "CRIME PER SHARE (STATE)": "5.5",
    "CRIME RATE": "157.4"
    },
    {
    "field1": "4",
    "STATE_NAME": "CHHATTISGARH",
    "CRIME (2014)": "58200",
    "CRIME (2015)": "56692",
    "CRIME (2016)": "55029",
    "CRIME PER SHARE (STATE)": "1.8",
    "CRIME RATE": "211.7"
    },
    {
    "field1": "5",
    "STATE_NAME": "GOA",
    "CRIME (2014)": "4466",
    "CRIME (2015)": "3074",
    "CRIME (2016)": "2692",
    "CRIME PER SHARE (STATE)": "0.1",
    "CRIME RATE": "135.6"
    },
    {
    "field1": "6",
    "STATE_NAME": "GUJARAT",
    "CRIME (2014)": "131385",
    "CRIME (2015)": "126935",
    "CRIME (2016)": "147122",
    "CRIME PER SHARE (STATE)": "4.9",
    "CRIME RATE": "233.2"
    },
    {
    "field1": "7",
    "STATE_NAME": "HARYANA",
    "CRIME (2014)": "79947",
    "CRIME (2015)": "84466",
    "CRIME (2016)": "88527",
    "CRIME PER SHARE (STATE)": "3",
    "CRIME RATE": "320.6"
    },
    {
    "field1": "8",
    "STATE_NAME": "HIMACHAL PRADESH",
    "CRIME (2014)": "14160",
    "CRIME (2015)": "14007",
    "CRIME (2016)": "13386",
    "CRIME PER SHARE (STATE)": "0.4",
    "CRIME RATE": "188.1"
    },
    {
    "field1": "9",
    "STATE_NAME": "JAMMU & KASHMIR",
    "CRIME (2014)": "23848",
    "CRIME (2015)": "23583",
    "CRIME (2016)": "24501",
    "CRIME PER SHARE (STATE)": "0.8",
    "CRIME RATE": "196.6"
    },
    {
    "field1": "10",
    "STATE_NAME": "JHARKHAND",
    "CRIME (2014)": "45335",
    "CRIME (2015)": "45050",
    "CRIME (2016)": "40710",
    "CRIME PER SHARE (STATE)": "1.4",
    "CRIME RATE": "120.4"
    },
    {
    "field1": "11",
    "STATE_NAME": "KARNATAKA",
    "CRIME (2014)": "137338",
    "CRIME (2015)": "138847",
    "CRIME (2016)": "148402",
    "CRIME PER SHARE (STATE)": "5",
    "CRIME RATE": "237.2"
    },
    {
    "field1": "12",
    "STATE_NAME": "KERALA",
    "CRIME (2014)": "206789",
    "CRIME (2015)": "257074",
    "CRIME (2016)": "260097",
    "CRIME PER SHARE (STATE)": "8.7",
    "CRIME RATE": "727.6"
    },
    {
    "field1": "13",
    "STATE_NAME": "MADHYA PRADESH",
    "CRIME (2014)": "272423",
    "CRIME (2015)": "268614",
    "CRIME (2016)": "264418",
    "CRIME PER SHARE (STATE)": "8.9",
    "CRIME RATE": "337.9"
    },
    {
    "field1": "14",
    "STATE_NAME": "MAHARASHTRA",
    "CRIME (2014)": "249834",
    "CRIME (2015)": "275414",
    "CRIME (2016)": "261714",
    "CRIME PER SHARE (STATE)": "8.8",
    "CRIME RATE": "217.1"
    },
    {
    "field1": "15",
    "STATE_NAME": "MANIPUR",
    "CRIME (2014)": "3641",
    "CRIME (2015)": "3847",
    "CRIME (2016)": "3170",
    "CRIME PER SHARE (STATE)": "0.1",
    "CRIME RATE": "121.9"
    },
    {
    "field1": "16",
    "STATE_NAME": "MEGHALAYA",
    "CRIME (2014)": "3679",
    "CRIME (2015)": "4079",
    "CRIME (2016)": "3366",
    "CRIME PER SHARE (STATE)": "0.1",
    "CRIME RATE": "120.9"
    },
    {
    "field1": "17",
    "STATE_NAME": "MIZORAM",
    "CRIME (2014)": "2140",
    "CRIME (2015)": "2228",
    "CRIME (2016)": "2425",
    "CRIME PER SHARE (STATE)": "0.1",
    "CRIME RATE": "227.3"
    },
    {
    "field1": "18",
    "STATE_NAME": "NAGALAND",
    "CRIME (2014)": "1157",
    "CRIME (2015)": "1302",
    "CRIME (2016)": "1376",
    "CRIME PER SHARE (STATE)": "0",
    "CRIME RATE": "57.6"
    },
    {
    "field1": "19",
    "STATE_NAME": "ODISHA",
    "CRIME (2014)": "74569",
    "CRIME (2015)": "83360",
    "CRIME (2016)": "81460",
    "CRIME PER SHARE (STATE)": "2.7",
    "CRIME RATE": "191.3"
    },
    {
    "field1": "20",
    "STATE_NAME": "PUNJAB",
    "CRIME (2014)": "37162",
    "CRIME (2015)": "37983",
    "CRIME (2016)": "40007",
    "CRIME PER SHARE (STATE)": "1.3",
    "CRIME RATE": "137"
    },
    {
    "field1": "21",
    "STATE_NAME": "RAJASTHAN",
    "CRIME (2014)": "210418",
    "CRIME (2015)": "198080",
    "CRIME (2016)": "180398",
    "CRIME PER SHARE (STATE)": "6.1",
    "CRIME RATE": "246.2"
    },
    {
    "field1": "22",
    "STATE_NAME": "SIKKIM",
    "CRIME (2014)": "1065",
    "CRIME (2015)": "766",
    "CRIME (2016)": "809",
    "CRIME PER SHARE (STATE)": "0",
    "CRIME RATE": "124.7"
    },
    {
    "field1": "23",
    "STATE_NAME": "TAMIL NADU",
    "CRIME (2014)": "193200",
    "CRIME (2015)": "187558",
    "CRIME (2016)": "179896",
    "CRIME PER SHARE (STATE)": "6",
    "CRIME RATE": "258.8"
    },
    {
    "field1": "24",
    "STATE_NAME": "TELANGANA",
    "CRIME (2014)": "106830",
    "CRIME (2015)": "106282",
    "CRIME (2016)": "108991",
    "CRIME PER SHARE (STATE)": "3.7",
    "CRIME RATE": "295.7"
    },
    {
    "field1": "25",
    "STATE_NAME": "TRIPURA",
    "CRIME (2014)": "5499",
    "CRIME (2015)": "4692",
    "CRIME (2016)": "3933",
    "CRIME PER SHARE (STATE)": "0.1",
    "CRIME RATE": "102.4"
    },
    {
    "field1": "26",
    "STATE_NAME": "UTTAR PRADESH",
    "CRIME (2014)": "240475",
    "CRIME (2015)": "241920",
    "CRIME (2016)": "282171",
    "CRIME PER SHARE (STATE)": "9.5",
    "CRIME RATE": "128.7"
    },
    {
    "field1": "27",
    "STATE_NAME": "UTTARAKHAND",
    "CRIME (2014)": "9156",
    "CRIME (2015)": "10248",
    "CRIME (2016)": "10867",
    "CRIME PER SHARE (STATE)": "0.4",
    "CRIME RATE": "101.8"
    },
    {
    "field1": "28",
    "STATE_NAME": "WEST BENGAL",
    "CRIME (2014)": "185672",
    "CRIME (2015)": "179501",
    "CRIME (2016)": "176569",
    "CRIME PER SHARE (STATE)": "5.9",
    "CRIME RATE": "188.2"
    },
    {
    "field1": "30",
    "STATE_NAME": "ANDAMAN & NICOBAR ISLANDS",
    "CRIME (2014)": "746",
    "CRIME (2015)": "862",
    "CRIME (2016)": "802",
    "CRIME PER SHARE (STATE)": "0",
    "CRIME RATE": "144.8"
    },
    {
    "field1": "31",
    "STATE_NAME": "CHANDIGARH",
    "CRIME (2014)": "3221",
    "CRIME (2015)": "3248",
    "CRIME (2016)": "2996",
    "CRIME PER SHARE (STATE)": "0.1",
    "CRIME RATE": "166.4"
    },
    {
    "field1": "32",
    "STATE_NAME": "DADRA & NAGAR HAVELI",
    "CRIME (2014)": "277",
    "CRIME (2015)": "269",
    "CRIME (2016)": "244",
    "CRIME PER SHARE (STATE)": "0",
    "CRIME RATE": "57.4"
    },
    {
    "field1": "33",
    "STATE_NAME": "DAMAN & DIU",
    "CRIME (2014)": "233",
    "CRIME (2015)": "302",
    "CRIME (2016)": "271",
    "CRIME PER SHARE (STATE)": "0",
    "CRIME RATE": "81.1"
    },
    {
    "field1": "34",
    "STATE_NAME": "NCT OF DELHI",
    "CRIME (2014)": "155654",
    "CRIME (2015)": "191377",
    "CRIME (2016)": "209519",
    "CRIME PER SHARE (STATE)": "7",
    "CRIME RATE": "974.9"
    },
    {
    "field1": "35",
    "STATE_NAME": "LAKSHADWEEP",
    "CRIME (2014)": "81",
    "CRIME (2015)": "50",
    "CRIME (2016)": "36",
    "CRIME PER SHARE (STATE)": "0",
    "CRIME RATE": "43.9"
    },
    {
    "field1": "36",
    "STATE_NAME": "PUDUCHERRY",
    "CRIME (2014)": "3584",
    "CRIME (2015)": "3440",
    "CRIME (2016)": "4086",
    "CRIME PER SHARE (STATE)": "0.1",
    "CRIME RATE": "242.8"
    }
    ]
}